"","class"
"E001_BLANK_RP_pos","BLANK"
"E002_STDMIX_RP_pos","STDMIX"
"E003_QC_RP_pos","QC"
"E004_QCb_RP_pos","QCb"
"E005_QCp_RP_pos","QCp"
"E006_QCs_RP_pos","QCs"
"E007_MERs2_RP_pos","MERs2"
"E008_41Bp1_RP_pos","41Bp1"
"E009_VCAs2_RP_pos","VCAs2"
"E010_NEROs1_RP_pos","NEROs1"
"E011_GWTs2_RP_pos","GWTs2"
"E012_GWTp2_RP_pos","GWTp2"
"E013_SAUp2_RP_pos","SAUp2"
"E014_QCs_RP_pos","QCs"
"E014_VCIp2_RP_pos","VCIp2"
"E015_RIEb1_RP_pos","RIEb1"
"E016_ISAp2_RP_pos","ISAp2"
"E017_MOTp2_RP_pos","MOTp2"
"E018_VATs1_RP_pos","VATs1"
"E019_41Bb3_RP_pos","41Bb3"
"E020_RIEp1_RP_pos","RIEp1"
"E021_41Bp3_RP_pos","41Bp3"
"E022_RIEb3_RP_pos","RIEb3"
"E023_QCp_RP_pos","QCp"
"E024_RIEp3_RP_pos","RIEp3"
"E025_ISAb2_RP_pos","ISAb2"
"E026_VCIp3_RP_pos","VCIp3"
"E027_VCAs1_RP_pos","VCAs1"
"E028_SAUs3_RP_pos","SAUs3"
"E029_VCAp1_RP_pos","VCAp1"
"E030_ISAs1_RP_pos","ISAs1"
"E031_GWTs1_RP_pos","GWTs1"
"E032_STDMIX_RP_pos","STDMIX"
"E033_QCb_RP_pos","QCb"
"E034_RIEs3_RP_pos","RIEs3"
"E035_MORp3_RP_pos","MORp3"
"E036_VCAp3_RP_pos","VCAp3"
"E037_MORp2_RP_pos","MORp2"
"E038_NEROp3_RP_pos","NEROp3"
"E039_MOTb2_RP_pos","MOTb2"
"E040_MOTp1_RP_pos","MOTp1"
"E041_NEROs3_RP_pos","NEROs3"
"E042_QCp_RP_pos","QCp"
"E043_MERs3_RP_pos","MERs3"
"E044_VATs3_RP_pos","VATs3"
"E045_KBBb1_RP_pos","KBBb1"
"E046_VCIb3_RP_pos","VCIb3"
"E047_MERb3_RP_pos","MERb3"
"E048_GWTb3_RP_pos","GWTb3"
"E049_SAUs2_RP_pos","SAUs2"
"E050_MORb1_RP_pos","MORb1"
"E051_QCb_RP_pos","QCb"
"E052_MORs3_RP_pos","MORs3"
"E053_MORb3_RP_pos","MORb3"
"E054_41Bs3_RP_pos","41Bs3"
"E055_VCIp1_RP_pos","VCIp1"
"E056_MERb2_RP_pos","MERb2"
"E057_SAUb3_RP_pos","SAUb3"
"E058_KBBs1_RP_pos","KBBs1"
"E059_MOTs3_RP_pos","MOTs3"
"E060_QC_RP_pos","QC"
"E061_QCs_RP_pos","QCs"
"E062_VCAp2_RP_pos","VCAp2"
"E063_KBBp2_RP_pos","KBBp2"
"E064_F3P51s1_RP_pos","F3P51s1"
"E065_ISAb3_RP_pos","ISAb3"
"E066_KBBs2_RP_pos","KBBs2"
"E067_VATb2_RP_pos","VATb2"
"E068_ISAb1_RP_pos","ISAb1"
"E069_ISAp3_RP_pos","ISAp3"
"E070_QCb_RP_pos","QCb"
"E071_41Bs2_RP_pos","41Bs2"
"E072_NEROb1_RP_pos","NEROb1"
"E073_RIEb2_RP_pos","RIEb2"
"E074_MORs2_RP_pos","MORs2"
"E075_MOTb1_RP_pos","MOTb1"
"E076_GWTb1_RP_pos","GWTb1"
"E077_41Bp2_RP_pos","41Bp2"
"E078_SAUp1_RP_pos","SAUp1"
"E079_QCs_RP_pos","QCs"
"E080_41Bb2_RP_pos","41Bb2"
"E080_QC_RP_pos","QC"
"E081_QC_RP_pos","QC"
"E081_VCAb3_RP_pos","VCAb3"
"E082_VCAb2_RP_pos","VCAb2"
"E083_MOTs2_RP_pos","MOTs2"
"E084_MORp1_RP_pos","MORp1"
"E085_GWTp3_RP_pos","GWTp3"
"E086_SAUs1_RP_pos","SAUs1"
"E087_VCIb2_RP_pos","VCIb2"
"E088_STDMIX_RP_pos","STDMIX"
"E089_QCp_RP_pos","QCp"
"E090_VCIs3_RP_pos","VCIs3"
"E091_MERb1_RP_pos","MERb1"
"E092_MERp1_RP_pos","MERp1"
"E093_SAUb1_RP_pos","SAUb1"
"E094_VCIs1_RP_pos","VCIs1"
"E095_ISAs2_RP_pos","ISAs2"
"E096_VATb1_RP_pos","VATb1"
"E097_ISAs3_RP_pos","ISAs3"
"E098_QCs_RP_pos","QCs"
"E099_GWTb1_RP_pos","GWTb1"
"E100_KBBp1_RP_pos","KBBp1"
"E101_F3P51p3_RP_pos","F3P51p3"
"E102_F3P51p2_RP_pos","F3P51p2"
"E103_41Bb1_RP_pos","41Bb1"
"E104_VATb3_RP_pos","VATb3"
"E105_VCIb1_RP_pos","VCIb1"
"E106_RIEp2_RP_pos","RIEp2"
"E107_QCb_RP_pos","QCb"
"E108_NEROs2_RP_pos","NEROs2"
"E109_VCIs2_RP_pos","VCIs2"
"E110_MOTp3_RP_pos","MOTp3"
"E111_NEROb2_RP_pos","NEROb2"
"E112_VATs2_RP_pos","VATs2"
"E113_VATp3_RP_pos","VATp3"
"E114_MERs1_RP_pos","MERs1"
"E115_MORb2_RP_pos","MORb2"
"E116_QC_RP_pos","QC"
"E117_QCp_RP_pos","QCp"
"E118_MOTs1_RP_pos","MOTs1"
"E119_RIEs2_RP_pos","RIEs2"
"E120_RIEs1_RP_pos","RIEs1"
"E121_41Bs1_RP_pos","41Bs1"
"E122_NEROb3_RP_pos","NEROb3"
"E123_F3P51p1_RP_pos","F3P51p1"
"E124_KBBb2_RP_pos","KBBb2"
"E125_VATp2_RP_pos","VATp2"
"E126_QCb_RP_pos","QCb"
"E127_ISAp1_RP_pos","ISAp1"
"E128_KBBp3_RP_pos","KBBp3"
"E129_GWTs3_RP_pos","GWTs3"
"E130_MORs1_RP_pos","MORs1"
"E131_F3P51b1_RP_pos","F3P51b1"
"E132_KBBs3_RP_pos","KBBs3"
"E133_VCAs3_RP_pos","VCAs3"
"E134_MERp2_RP_pos","MERp2"
"E135_STDMIX_RP_pos","STDMIX"
"E136_QC_RP_pos","QC"
"E137_F3P51b3_RP_pos","F3P51b3"
"E138_NEROp2_RP_pos","NEROp2"
"E139_GWTb2_RP_pos","GWTb2"
"E140_F3P51b2_RP_pos","F3P51b2"
"E141_VCAb1_RP_pos","VCAb1"
"E142_F3P51s2_RP_pos","F3P51s2"
"E143_VATp1_RP_pos","VATp1"
"E144_F3P51s3_RP_pos","F3P51s3"
"E145_QCs_RP_pos","QCs"
"E146_NEROp1_RP_pos","NEROp1"
"E147_MERp3_RP_pos","MERp3"
"E148_SAUb2_RP_pos","SAUb2"
"E149_SAUp3_RP_pos","SAUp3"
"E150_KBBb3_RP_pos","KBBb3"
"E151_MOTb3_RP_pos","MOTb3"
"E152_QC_RP_pos","QC"
"E153_STDMIX_RP_pos","STDMIX"
"E154_BLANK_RP_pos","BLANK"
